{
    "Colin": [
        46.189998626708984
    ],
    "Thibaut": [
        4.980000019073486
    ]
}
