{
    "Colin": [
        46.189998626708984
    ],
    "Mathis": [
        18.25
    ],
    "Thibaut": [
        4.980000019073486
    ],
    "Clément": [
        9.420000076293945
    ]
}
