{
    "Mathis": [
        18.25
    ],
    "Thibaut": [
        59.7599983215332
    ],
    "Théo le swag": [
        71.5
    ],
    "Yassine": [
        42.40999984741211
    ]
}
