{
    "2": [
        19.059999465942383
    ],
    "MAT": [
        27.809999465942383
    ],
    "Mat": [
        31.459999084472656
    ],
    "Mathis": [
        17.260000228881836,
        18.25,
        19.649999618530273,
        19.790000915527344,
        34.83000183105469
    ],
    "Mathis2": [
        21.889999389648438
    ],
    "Thibaut": [
        4.980000019073486
    ]
}
