{
    "Clément": [
        9.420000076293945
    ],
    "Thibaut": [
        23.209999084472656
    ]
}
